<?xml version="1.0" encoding="UTF-8"?>
<keywords>
   <keywords>
      <text FeatureID="-1">music player</text>
      <target FeatureID="-1" href="MUS_HLP_TRACKS_VIEW.html">Songs</target>
      <target FeatureID="-1" href="MUS_HLP_CATEGORY_VIEW.html">Music categories</target>
      <target FeatureID="-1" href="MUS_HLP_PODCAST_MAIN_VIEW.html">Podcasts</target>
      <target FeatureID="-1" href="MUS_HLP_PODCAST_EPISODES.html">Podcast episodes</target>
      <target FeatureID="-1" href="MUS_HLP_PLAYLISTS_VIEW.html">Music playlists</target>
      <target FeatureID="-1" href="MUS_HLP_DOWNLOAD_PLAYBACK_VIEW.html">Play music on web</target>
      <target FeatureID="-1" href="MUS_HLP_PLAYBACK_VIEW.html">Play music</target>
      <target FeatureID="-1" href="MUS_HLP_LIB_MAIN_VIEW.html">Music library</target>
      <target FeatureID="-1" href="MUS_HLP_AUDIO_SETT.html">Audio settings</target>
   </keywords>
   <keywords>
      <text FeatureID="-1">podcasting</text>
      <target FeatureID="-1" href="MUS_HLP_PODCAST_MAIN_VIEW.html">Podcasts</target>
      <target FeatureID="-1" href="MUS_HLP_PODCAST_EPISODES.html">Podcast episodes</target>
   </keywords>
   <keywords>
      <text FeatureID="-1">playlists</text>
      <target FeatureID="-1" href="MUS_HLP_PLAYLISTS_VIEW.html">Music playlists</target>
   </keywords>
   <keywords>
      <text FeatureID="-1">bass booster</text>
      <target FeatureID="-1" href="MUS_HLP_AUDIO_SETT.html">Audio settings</target>
   </keywords>
   <keywords>
      <text FeatureID="-1">stereo widening</text>
      <target FeatureID="-1" href="MUS_HLP_AUDIO_SETT.html">Audio settings</target>
   </keywords>
</keywords>